序號,社福團體名稱,愛心碼,社福團體簡稱,社福團體統編,縣市
1,台灣選擇性緘默症協會,9785,選緘協會,42553469,臺北市
2,社團法人台灣愛鄰社區服務協會,2047,愛鄰協會,18478878,臺北市
3,社團法人台灣超越巔峰關懷癲癇聯盟,1835,癲癇聯盟,02530434,新北市
4,社團法人高雄市普光敬老服務協會,098,普光敬老,17007392,高雄市
5,財團法人台北市基督教救世傳播協會,9494,,03736906,臺北市
6,社團法人中華民國青澀芷蘭菁英培育發展協會,7890,青澀芷蘭,26578702,基隆市
7,社團法人高雄市唐氏症歡喜協會,7717299,,36997676,高雄市
8,財團法人千佛山慈善基金會,885,千佛山慈善,08246787,臺北市
9,財團法人天主教靈醫會私立聖嘉民啟智中心,57880,聖嘉民啟智,66253259,宜蘭縣
10,財團法人博幼社會福利基金會,131,博幼基金會,14935826,南投縣
11,中華民國無障礙科技發展協會,888,,81598302,臺北市
12,財團法人台南市私立天主教瑞復社會福利基金會,52099,美善基金會,36721663,臺南市
13,財團法人雅文兒童聽語文教基金會,889881,雅文基金會,19992108,臺北市
14,財團法人台北市私立雙連視障關懷基金會,520,雙連視障,81599528,臺北市
15,中華民國運動神經元疾病病友協會,621,漸凍人協會,81582505,臺北市
16,財團法人創世社會福利基金會,919,創世基金會,00969129,臺北市
17,中華民國老人福利推動聯盟,999,老盟,01032260,臺北市
18,財團法人犯罪被害人保護協會,5850,,19326837,臺北市
19,財團法人台灣兒童暨家庭扶助基金會,8585,家扶基金會,52628812,臺北市
20,財團法人伊甸社會福利基金會,25885,伊甸基金會,05200169,臺北市
21,財團法人台北市失親兒福利基金會,88472,,48925889,臺北市
22,台灣少年權益與福利促進聯盟,329580,台少盟,99032503,臺北市
23,財團法人臺灣更生保護會,788595,,04173475,臺北市
24,社團法人宜蘭縣自閉症者福利協進會,1313677,,19320849,宜蘭縣
25,社團法人高雄市晨暉關懷協會,3510,高雄晨暉,47621971,高雄市
26,社團法人國際生命線台灣總會,1995,生命線總會,69743528,臺北市
27,彩虹護生協會,52999,基隆林媽媽,26683943,基隆市
28,社團法人屏東縣大願心意關懷協會,7971151,大願心意,37696918,屏東縣
29,社團法人高雄市肢體障礙協會,6868,折翼天使,99394694,高雄市
30,社團法人台東縣肢體障礙協會,110,台東肢體障,12086045,臺東縣
31,財團法人台東基督教醫院,299,東基,93506428,臺東縣
32,財團法人嘉義市私立瑞泰老人長期照護中心,669,瑞泰安養,14296243,嘉義市
33,社團法人高雄市慈善團體聯合總會,3226666,高慈總,76236266,高雄市
34,財團法人臺北市安麗希望工場慈善基金會,600,希望工場,31895762,臺北市
35,社團法人高雄市慈妙德慈善會,167888,慈妙德,19887561,高雄市
36,財團法人桃園市私立長長教養院,3878801,,17420189,桃園市
37,音樂養生慈善公益協會,7654321,,21312465,高雄市
38,社團法人臺中市沐風60長者之愛關懷協會,171760,沐風60,47272397,臺中市
39,社團法人中華心蓮心公益協會,118,心蓮心,31830678,臺北市
40,中華民國腦性麻痺協會,885885,中華腦麻,77126822,臺北市
41,財團法人新北市私立明新兒童發展中心,3769,明新兒發,02344889,新北市
42,財團法人大甲媽社會福利基金會附設臺中縣私立鎮瀾兒童家園,20999,鎮瀾家園,45797827,臺中市
43,台灣寶希望樹兒童協會,288,台灣寶,31886525,臺北市
44,社團法人台灣濟公盲人愛心會,3838,濟盲愛心會,34942803,新北市
45,社團法人新北市照顧生命協會,4987,狗捐血中心,49879032,新北市
46,中華救助總會,5943,救總,03707402,臺北市
47,財團法人南投縣私立南投仁愛之家,2222151,南投仁家,61609604,南投縣
48,財團法人中華文化社會福利事業基金會,5948,中華社福,04140593,臺北市
49,社團法人屏東縣海青青弘會,909,海青青弘會,13277872,屏東縣
50,社團法人高雄市臻愛天使兒少關懷協會,7931030,臻愛天使,36619843,高雄市
51,社團法人中華漢翔百元扶幼協會,294100,,25455484,臺中市
52,社團法人台灣動物社會研究會,677677,動研會,17874983,新北市
53,財團法人福建更生保護會,4416518,福建更保會,77355676,金門縣
54,台灣狗腳印幸福聯盟,591,狗腳印,39958753,桃園市
55,財團法人高雄市林柔蘭社會福利基金會,2776,柔蘭基金會,17954682,高雄市
56,社團法人臺中市好民文化行動協會,0320,,47559131,臺中市
57,聲暉協進會,33000,山海屯聲暉,77667299,臺中市
58,社團法人中華民國自閉症總會,1577,自閉症總會,97975230,臺北市
59,財團法人罕見疾病基金會,9527,罕病基金會,19340872,臺北市
60,社團法人桃園縣社區精神復健協會,0885,桃精協,09757110,桃園市
61,社團法人基隆市脊髓損傷者協會,8858,,95926558,基隆市
62,財團法人切膚之愛社會福利慈善事業基金會,9866,切膚之愛,98661882,彰化縣
63,台灣動物不再流浪協會,599,MIX,09936183,新北市
64,社團法人台北市晚晴婦女協會,0096,台北晚晴,00969970,臺北市
65,財團法人台灣兒童暨家庭扶助基金會台北市北區分事務所,176176,北區家扶,20082155,臺北市
66,社團法人台南市熱蘭遮失智症協會,5271,熱蘭遮,29451453,臺南市
67,社團法人台灣赤子心過動症協會,9449,赤子心,21726578,臺北市
68,社團法人中華民國照顧服務員專業發展協會,1213,照服專協,34865622,新北市
69,康寧學校財團法人康寧大學,137,康寧大學,42321102,臺北市
70,社團法人中華基督教今日傳媒發展協會,128,今日報,38654269,臺北市
71,童心園社會福利關懷協會,029,童心園,10809404,臺南市
72,財團法人宜蘭縣私立鴻德養護院,9231106,,17126496,
73,社團法人中華民國脊髓損傷者聯合會,2628,脊髓損傷者,76902628,臺北市
74,財團法人嘉義縣私立嘉惠教養院,2390069,嘉惠教養院,29418899,嘉義縣
75,社團法人高雄市向陽自立生活協會,954846,向陽,36954846,高雄市
76,公益慈善會,1234,慈善會,98774422,新竹縣
77,財團法人高雄市私立星星兒社會福利基金會,88772,星星兒,17949823,高雄市
78,財團法人台灣省私立台灣盲人重建院,195185,盲人重建院,34078596,新北市
79,財團法人惠光導盲犬教育基金會,199185,惠光導盲犬,97991914,新北市
80,財團法人台灣癌症基金會,1799,癌症基金會,81581169,臺北市
81,社團法人花蓮縣老人暨家庭關懷協會,5577,老家,29361869,花蓮縣
82,財團法人天主教白永恩神父社會福利基金會,1111111,,18493218,臺北市
83,財團法人圓覺宗智敏慧華金剛上師教育基金會,0123,智敏慧華,76942706,臺北市
84,財團法人李勝賢文教基金會,1314885,,93859359,臺東縣
85,社團法人台灣福氣社區關懷協會,52020,福氣協會,25473292,臺中市
86,社團法人台灣基地協會,1069,基地協會,39880587,臺中市
87,財團法人嘉義縣私立瑞泰社會福利基金會,225225,瑞泰基金會,99205791,嘉義縣
88,財團法人勇源輔大乳癌基金會,10178,勇源輔大,01853441,新北市
89,社團法人新竹市心理衛生協會,5152464,竹心衛協會,99461150,新竹市
90,中華同舟共濟服務社,1970,中華同舟,02900983,新北市
91,社團法人雲林縣盲人福利協進會,7119,雲盲人協會,45201235,雲林縣
92,社團法人中華生命無懼關懷協會,701785,生命無懼,42460552,臺北市
93,財團法人台北市如新善的力量慈善基金會,201210,善的力量,38483049,臺北市
94,財團法人桃園縣私立觀音愛心家園,995,,09682414,桃園市
95,財團法人天主教會嘉義教區,025520,安仁家園,36725844,嘉義縣
96,財團法人屏東縣私立基督教伯大尼之家,90061,伯大尼之家,87879173,屏東縣
97,社團法人屏東縣自閉症協進會,7351024,屏東自閉症,97951531,屏東縣
98,社團法人中華民國向陽關懷協會,777,向陽,25826319,臺南市
99,社團法人中華安得烈慈善協會,786,安得烈慈善,26328803,新北市
100,財團法人愛盲基金會,5880,愛盲基金會,77124795,臺北市
101,醫療財團法人正德癌症醫療基金會,179,正德醫療,10726220,高雄市
102,社團法人宜蘭縣渡安居女性關懷協會,1011212,,37948484,宜蘭縣
103,財團法人新北市私立鈊象電子社會福利慈善事業基金會,885168,鈊象基金會,37824940,新北市
104,社團法人台灣王荷世界心性教育學會,56789,王荷世界,36866668,臺南市
105,社團法人台北市歐伊寇斯OIKOS社區關懷協會,17247,歐伊寇斯,48885198,臺北市
106,社團法人中華民國哈利路亞社區關懷協會,3377777,哈利路亞,99614326,臺北市
107,社團法人台灣脊髓肌肉萎縮症病友協會,0675,ＳＭＡ協會,21351282,高雄市
108,財團法人亞太心理腫瘤學交流基金會,1029,心腫基金會,02751436,新北市
109,社團法人中華民國合家歡協會,1234567,合家歡協會,48837366,臺北市
110,中華民國海軍退伍軍人協會,9974,退伍軍人,99748063,新北市
111,中華民國紅十字會台灣省桃園縣支會,5588,桃園紅會,43861577,桃園市
112,社團法人雲林縣兒童福利發展協會,5223040,雲兒福,15584805,雲林縣
113,財團法人屏東縣私立迦南身心障礙養護院,7707097,迦南養護院,17017878,屏東縣
114,財團法人靖娟兒童安全文教基金會,515,靖娟基金會,00974798,臺北市
115,社團法人台灣公益團體自律聯盟,1111,公益自律,48688957,臺北市
116,財團法人中華基督教伯特利會總會,8828,長榮養護院,19478828,花蓮縣
117,財團法人桃園縣私立康福智能發展中心,2585,康福中心,29351291,桃園市
118,世界聯合保護動物協會,299299,台中世聯會,98193305,臺中市
119,社團法人宜蘭縣得安家庭關懷協會,94180,得安協會,30112777,宜蘭縣
120,財團法人桃園縣私立丞好家園,3776371,丞好家園,37763710,桃園市
121,社團法人嘉義縣扶緣服務協會,616,扶緣,21664411,嘉義縣
122,岡山大專青年協會,71583,岡大會,74800837,高雄市
123,社團法人嘉義市盲人福利協進會,2291292,嘉義盲協,87672840,嘉義市
124,善護協會,3505,臺中善護,26870397,臺中市
125,財團法人愛家文化事業基金會,27365,愛家基金會,20099450,臺北市
126,財團法人海棠文教基金會,1151,海棠,01031190,臺北市
127,社團法人雲林縣北港身心障礙者福利協會,1229,北港身障,18431229,雲林縣
128,社團法人中華正教會,325,中華正教會,42398306,臺北市
129,中華靈寶派道士會,0830,靈寶道士會,25827529,臺南市
130,財團法人南投縣私立德安啟智教養院,85717,德安,17718533,南投縣
131,財團法人台灣兒童暨家庭扶助基金會台中市南區分事務所,5584,,52697697,臺中市
132,財團法人台灣兒童暨家庭扶助基金會,8455,台中希望,45601437,臺中市
133,財團法人新竹縣天主教世光教養院,0280928,,02809280,新竹縣
134,社團法人中華基督教福音協進會,51990,福音協進會,77120806,新北市
135,社團法人雲林縣聲暉協進會,630123,雲林聲暉,98193570,雲林縣
136,財團法人台北市基督教勵友中心,101,,04151704,臺北市
137,財團法人介惠社會福利慈善基金會,05178,介惠基金會,01050111,新北市
138,財團法人天主教臺南市私立德蘭啟智中心,2025,德蘭啟智,08437879,臺南市
139,社團法人臺中市山海屯啟智協會,626626,山海屯,05777509,臺中市
140,社團法人台灣伴侶權益推動聯盟,178,伴侶盟,31899351,臺北市
141,社團法人台灣法爾禪修中心學會,82168,法爾學會,26334381,臺北市
142,臺灣第六生態發展協會,169,第六生態,38527721,臺北市
143,社團法人中華民國白玫瑰社會關懷協會,925,白玫瑰協會,31814375,臺北市
144,私立五甲教養院,5259,五甲教養院,17961972,臺南市
145,財團法人臺灣省私立永信社會福利基金會,982,永信社福,56627997,臺中市
146,台灣莉丰慧民V關懷動物協會,999179,莉丰慧民V,50597567,宜蘭縣
147,財團法人基督教聖道兒少福利基金會,176,聖道兒家,01055474,臺北市
148,社團法人桃園市愛力社會福利協會,9595520,愛力協會,72784136,桃園市
149,社團法人中華民國身心障礙聯盟,5252,身心障礙盟,76941592,臺北市
150,社團法人台灣同志諮詢熱線協會,0609,熱線,18037789,臺北市
151,財團法人普仁青年關懷基金會,17270,普仁基金會,18481135,臺北市
152,社團法人雲林縣虎尾殘障福利協會,6332675,虎尾協會,95812767,雲林縣
153,財團法人台南市私立蓮心園社會福利慈善事業基金會,2525,蓮心園,20258597,臺南市
154,財團法人日月之光慈善事業基金會,568,日月之光,10269379,高雄市
155,社團法人台灣家族系統排列協會,3969,家排協會,39693732,臺北市
156,社團法人南投縣康復之友協會,2422925,南投縣康協,08819010,南投縣
157,財團法人國紹泌尿科學教育基金會,70818,國紹基金會,14533935,新北市
158,財團法人雲林縣私立信義育幼院,5955836,信義育幼院,97605188,雲林縣
159,社團法人臺中市商業愛心會,1885,,26881556,臺中市
160,財團法人台中市私立慈光社會福利慈善事業基金會,3300,慈光基金會,94980870,臺中市
161,中華民國善天救助弱勢慈善協會,1919,善天,26043709,臺南市
162,社團法人桃園市聲暉協進會,5231,桃園聲暉,95928628,桃園市
163,財團法人天主教華光社會福利基金會,8690,由根山居,31532690,新竹縣
164,中華民國紅心字會,7777777,,02276242,臺北市
165,財團法人人安社會福利慈善事業基金會,918,,14924068,臺北市
166,社團法人中華民國家庭照顧者關懷總會,580097,家總,97992408,臺北市
167,財團法人苗栗縣私立幼安教養院,2595,幼安教養院,78548461,苗栗縣
168,社團法人台北市自閉症家長協會,772,北市自協,77120643,臺北市
169,社團法人新竹市生命線協會,9595,竹市生命線,47347622,新竹市
170,財團法人天主教會嘉義教區,225,聖心教養院,06342573,嘉義縣
171,財團法人台中市私立張秀菊社會福利慈善事業基金會,0303,張秀菊,99381591,臺中市
172,財團法人佛教僧伽醫護基金會,3131,僧醫會,74997819,新北市
173,財團法人台灣關愛基金會,2597885,關愛基金會,26396415,臺北市
174,財團法人林業生社會福利慈善事業基金會,24013,林業生,21482469,臺中市
175,財團法人天主教會台中教區附設立達啟能訓練中心,01985,立達,77931381,臺中市
176,財團法人桃園縣私立心燈啟智教養院,4205558,心燈啟智,08412384,桃園市
177,財團法人苗栗縣私立廣愛教養院,3498,廣愛教養院,98173498,苗栗縣
178,社團法人苗栗縣生命線協會,362110,苗栗生命線,66809433,苗栗縣
179,財團法人天主教會台中教區,20855,聖母聖心,78627227,彰化縣
180,社團法人新竹縣天使之音協會,5586551,,26641043,新竹縣
181,社團法人嘉義市聲暉協進會,821017,嘉義市聲暉,87670028,嘉義市
182,社團法人台灣護家協會,300,護家協會,40777631,臺南市
183,社團法人高雄市野鳥學會,2361086,高雄鳥會,99736030,高雄市
184,財團法人佛教慈恩育幼基金會,728,育幼基金會,76201061,高雄市
185,財團法人董氏基金會,531,董氏基金會,14104483,臺北市
186,社團法人台南市盲人福利協進會,211,南盲,69877173,臺南市
187,中華民國癌病腫瘤患者扶助協會,6088,癌扶協會,41474184,新北市
188,財團法人台中市私立慈光社會福利慈善事業基金會附設台中市私立慈馨兒少之家,2213,慈馨兒少家,45496548,臺中市
189,臺灣社會工作專業人員協會,0326,社工專協,76941381,臺北市
190,社團法人台灣球芽棒球發展協會,5216,球芽基金,42484040,臺北市
191,社團法人新竹市聲暉協會,97324,新竹聲暉,10591757,新竹市
192,城市之光關懷協會,700,城市之光,21821067,臺中市
193,財團法人台東縣私立柏林老人養護中心,339985,柏林養護,13548087,臺東縣
194,社團法人中華民國恩福會,100,恩福會,29336095,苗栗縣
195,社團法人桃園縣生命線協會,031995,桃園生命線,36443970,桃園市
196,財團法人富邦慈善基金會,17520,,01051934,臺北市
197,中華民國流浪天使護佑生命協會,0824,流浪天使,41453527,新北市
198,財團法人千禧龍青年基金會,2258618,千禧龍,17715114,南投縣
199,財團法人心路社會福利基金會,876,心路基金會,00968326,臺北市
200,社團法人彰化縣愛鄰社會福利協會,500,彰化愛鄰,99191972,彰化縣
201,財團法人全民健康基金會,120,全健會,48858761,臺北市
202,財團法人嘉義市私立嘉愛啟智發展中心,5656,嘉愛,99535836,嘉義市
203,社團法人中華基督教讚美關懷協會,1360,讚美協會,09684525,新北市
204,社團法人台灣同志家庭權益促進會,6878,同家會,26331510,新北市
205,社團法人台北市喜願協會,2718,喜願協會,92000392,臺北市
206,社團法人中華民國喜願協會,2656,喜願協會,18486737,臺北市
207,社團法人台中市盲人福利協進會,520580,,77230923,臺中市
208,財團法人濟興長青基金會,86129,濟興基金會,19886155,高雄市
209,財團法人臺灣防盲基金會,2000,,14308162,臺北市
210,社團法人苗栗縣身心障礙福利協進會,4326,苗栗身障,95844326,苗栗縣
211,社團法人台灣導盲犬協會,5299,台灣導盲犬,14697346,臺北市
212,財團法人雲林縣雲萱基金會,0688,雲萱基金會,20376503,雲林縣
213,社團法人新北市盲人福利協進會,9999,新北盲協,08577553,新北市
214,財團法人屏東縣私立清境家園社會福利慈善事業基金會,7533557,清境家園,99585379,屏東縣
215,台灣酷兒權益推動聯盟,5874,酷兒盟,41121387,新北市
216,財團法人和氣大愛文教基金會,2715,和氣大愛,17870945,新北市
217,社團法人台灣愛田關懷協會,941,愛田協會,42214243,新北市
218,財團法人為台灣而教教育基金會,17747,為台灣而教,72700376,新北市
219,財團法人花蓮縣私立博愛居安廬老人安養中心,212,博愛居安廬,83801739,花蓮縣
220,財團法人苗栗縣私立新苗發展中心,257885,新苗,20374792,苗栗縣
221,財團法人天主教靈醫會,011668,聖嘉民老人,26107061,宜蘭縣
222,社團法人台北市愛兔協會,5222,愛兔協會,25588750,臺北市
223,財團法人兒童肝膽疾病防治基金會,520885,兒童肝基會,18039647,臺北市
224,財團法人佛教蓮花基金會,885814,蓮花基金會,92001701,臺北市
225,社團法人宜蘭縣公民監督聯盟,0507,宜督盟,26796587,宜蘭縣
226,財團法人臺北市華書慈善基金會,77777,華書,26263371,臺北市
227,社團法人中華民國新生活社會福利發展促進會,9997,新生活,99970598,新北市
228,財團法人國際單親兒童文教基金會,11111,單親兒童,87901689,新北市
229,中華民國老人福祉協會,1999,老福會,19472660,新北市
230,社團法人台灣社會工作實務發展協會,8518,社工實協,99874053,南投縣
231,社團法人台灣社造聯盟,4799,社造聯盟,48834179,臺中市
232,財團法人信業希望教育基金會,7694129,信業希望,30159104,新北市
233,財團法人高雄市私立希恩之家,88710,希恩之家,41343368,高雄市
234,社團法人台北市學習障礙者家長協會,8159,,81597444,臺北市
235,社團法人中華民國學習障礙協會,1926,中華學障,19266275,臺北市
236,社團法人中華西密佛教正心國際文化協會,7755,佛教正心會,99412004,新北市
237,財團法人瑪利亞社會福利基金會,880,,05557110,臺中市
238,財團法人至善社會福利基金會,4399,,48930399,臺北市
239,社團法人世界和平會,000,世界和平會,18494032,臺北市
240,盲人福利協進會,2558,,04124088,臺北市
241,財團法人台中市私立宏恩社會福利慈善基金會,1589,宏恩基金會,45365665,臺中市
242,財團法人嘉義市私立修緣育幼院,220225,修緣育幼院,78555574,嘉義市
243,財團法人天恆文教基金會,580580,,76894438,新北市
244,社團法人臺東縣自閉症協進會,3685,臺東縣自閉,36857725,臺東縣
245,社團法人臺東縣原住民嘎屋啦瀚文教發展協會,891606,嘎屋啦瀚,10462698,臺東縣
246,社團法人屏東縣兒童少年關懷協會,1022,兒少協會,99543929,屏東縣
247,財團法人台北市私立東森社會福利慈善基金會,131420,東慈基金會,18028254,臺北市
248,財團法人天主教會花蓮教區附設救星教養院,5297,我愛救星,37736340,臺東縣
249,財團法人台南市私立上崙社會福利慈善事業基金會,995885,,80896319,臺南市
250,財團法人18℃文化基金會,94218,18℃,26923839,南投縣
251,社團法人台南市癲癇之友協會,2350253,台南癲癇,20266554,臺南市
252,台灣預防醫學學會,391,,00956047,臺北市
253,財團法人桃園縣私立嘉惠啟智教養院,3891874,桃嘉惠啟智,83808846,桃園市
254,財團法人桃園縣樹仁基金會附設桃園教養院,71885,桃園教養院,26171106,桃園市
255,國際瑜珈培訓協會,0000001,國際瑜珈,47642357,高雄市
256,台灣四面佛慈善協會,1021109,四面佛協會,41121892,新北市
257,中華武學人文推廣協會,5050520,武學人文會,42545074,臺北市
258,社團法人台灣原生植物保育協會,2880,原植會,21709085,臺北市
259,社團法人桃園市唐氏症家長協會,520321,,72747695,桃園市
260,財團法人台南市私立吾愛吾家老人養護中心,520999,,17033201,臺南市
261,台灣展翅協會,5218,,01032732,臺北市
262,台北市心生活協會,1979322,心生活協會,99029731,臺北市
263,社團法人雲林縣啟智協會,1311,雲林啟智,20410312,雲林縣
264,中華傳愛社區服務協會,085,傳愛,17716789,臺中市
265,財團法人正德社會福利慈善基金會,923,正德社福,08490352,高雄市
266,保護動物協會,860713,新竹保動,83310749,新竹市
267,財團法人桃園縣私立仁友愛心家園,295,仁友,15745295,桃園市
268,財團法人台南市私立荷園社會福利慈善事業基金會,971103,荷園基金會,10797499,臺南市
269,社團法人台灣省大專青年服務協會,3886,owl,74870729,臺中市
270,博愛菁莪愛心會,777777,菁莪愛心會,99133621,臺南市
271,社團法人台灣黃絲帶愛網關懷協會,16940,台灣黃絲帶,09586947,臺南市
272,社團法人台灣彩虹原住民關懷協會,0258,彩協,17601702,新竹縣
273,財團法人桃園市私立德盛社福基金會,233,德盛基金會,50708233,桃園市
274,社團法人新北市身心障礙者弘德協會,2981358,弘德協會,09616772,新北市
275,財團法人台東縣私立天主教聖十字架瑪利德蘭社會福利基金會,721,瑪利德蘭,34997721,臺東縣
276,中華大家功德會,999999,大家功德會,39879054,臺中市
277,台灣安寧照顧協會,220927,THO,02253590,新北市
278,中華民國弱勢者希望協會,168568,希望協會,26564762,桃園市
279,財團法人台灣兒童暨家庭扶助基金會,5900,桃園家扶,73762194,桃園市
280,財團法人彰化縣私立秀和慈善事業基金會,72995,秀和基金會,59348787,彰化縣
281,社團法人中華民國保護動物協會,7299,永遠愛動物,04861698,臺北市
282,社團法人臺灣照顧生命協會,589,貓狗119,10532202,臺北市
283,谷若思全人關懷協會,6711,谷若思,31615621,花蓮縣
284,財團法人高雄市私立樂仁啟智中心,60520,樂仁,76224493,高雄市
285,社團法人宜蘭縣聽障者聲暉協會,4185,宜蘭聲暉,77045455,宜蘭縣
286,社團法人中華民國小胖威利病友關懷協會,104,小胖威利,21789783,新北市
287,財團法人普寶環境保護基金會,3889,普寶基金會,38896647,臺中市
288,社團法人新北市家庭照顧者關懷協會,8018,新北家協,17880985,新北市
289,社團法人中華民國基督教楠梓大使命協會,5201313,楠梓大使命,41273449,高雄市
290,社團法人新竹市脊髓損傷者協會,5324066,新竹市脊協,98286893,新竹市
291,社團法人臺北市麗山社區關懷協會,945945,,26272414,臺北市
292,社團法人桃園市桃園愛鄰全人關懷協會,707,愛鄰協會,41470271,桃園市
293,社團法人中華光鹽愛盲協會,818,,10312805,臺北市
294,財團法人台灣兒童暨家庭扶助基金會,5678585,新竹家扶,47253119,新竹市
295,財團法人羅慧夫顱顏基金會,012378,羅慧夫,01024959,臺北市
296,社團法人臺北縣康復之友協會,88749,北縣康,78213839,新北市
297,社團法人彰化縣脊髓損傷重建協會,8888,彰脊,78629816,彰化縣
298,財團法人台灣兒童暨家庭扶助基金會台中市北區分事務所,024,家扶中心,55937349,臺中市
299,財團法人台灣兒童暨家庭扶助基金會雲林分事務所,6323200,雲林家扶,20373560,雲林縣
300,社團法人中華民國肌萎縮症病友協會,5275,我愛肌萎,92078588,高雄市
301,財團法人主婦聯盟環境保護基金會,201314,主婦聯盟,01009232,臺北市
302,社團法人臺中市身心障礙體育總會,170,台中身障會,25271330,臺中市
303,社團法人中華民國更生少年關懷協會,52616,更生少年,81599196,臺北市
304,社團法人台灣兒少生涯教育促進會,2631098,陪伴者協會,26310986,臺北市
305,社團法人中華民國濟世功德會,7474,濟世功德會,76894401,臺北市
306,財團法人城邦文化藝術基金會,117,城邦基金會,48772440,臺北市
307,社團法人臺灣雷特氏症病友關懷協會,6377,蕾雷家族,38621084,臺北市
308,社團法人台灣諾亞方舟動物同樂協會,5269,諾亞方舟,38599864,臺北市
309,感恩慈善協會,271987,,47608766,苗栗縣
310,社團法人高雄市調色板協會,0212,調色板,78640501,高雄市
311,財團法人返老還童社會福利慈善事業基金會,2088,返老還童社,72787859,桃園市
312,財團法人環境品質文教基金會,2321,,21001407,臺北市
313,財團法人老五老基金會,050,老五老,20388655,臺中市
314,財團法人育成社會福利基金會,7085,育成基金會,08628053,臺北市
315,財團法人新竹市天主教仁愛社會福利基金會,228,仁愛基金會,31424735,新竹市
316,社團法人台灣社會福利總盟,5845,社福總盟,48947906,臺北市
317,社團法人高雄市關懷流浪動物協會,529,社高關懷動,70997921,高雄市
318,財團法人天主教會台中教區附設彰化縣私立聖家啟智中心,7885580,彰化聖家,78629344,彰化縣
319,社團法人台南市腦性麻痺之友協會,815,台南腦麻,17020640,臺南市
320,社團法人台中市聲暉協進會,885770,台中市聲暉,77224788,臺中市
321,社團法人高雄市腎臟關懷協會,52313,腎協,08862629,高雄市
322,財團法人桃園縣私立懷德風箏緣地育幼院,5858,懷德育幼院,30386712,桃園市
323,社團法人高雄市家庭照顧者關懷協會,3223839,,17001067,高雄市
324,社團法人嘉義市腦性麻痺協會,2855669,嘉義腦麻,74823748,嘉義市
325,財團法人彰化縣私立博愛服務中心,0000,博愛,08376319,彰化縣
326,社團法人中華基督教以琳關懷協會,5210,以琳學園,26263597,臺北市
327,社團法人宜蘭縣愛加倍關懷協會,678,宜愛加倍,26701885,宜蘭縣
328,財團法人愛心第二春文教基金會,8989,愛基會,97985032,臺北市
329,社團法人台灣芒草心慈善協會,9487,芒草心,31817871,臺北市
330,財團法人台北市私立愛愛院,5208,私立愛愛院,03772402,臺北市
331,社團法人新北市道德慈善協進會,22119,道德慈善,78587098,新北市
332,財團法人台灣兒童暨家庭扶助基金會金門分事務所,326139,,92997381,金門縣
333,財團法人天主教華光社會福利基金會,1251,,14301251,新竹縣
334,聲暉協會,775885,,08223840,高雄市
335,財團法人新竹市私立愛恆啟能中心,521,,17430320,新竹市
336,社團法人高雄市小草關懷協會,1733,小草協會,99696142,高雄市
337,社團法人台灣環境資訊協會,17930,環資,13527273,臺北市
338,社團法人台灣關懷人權與健康協會,7799,人權健康,10262100,高雄市
339,財團法人忠義社會福利事業基金會,25999,忠義基金會,05200153,臺北市
340,社團法人台北市視障者家長協會,8899,北視家協,19616651,臺北市
341,社團法人台灣露德協會,852,露德協會,48761056,臺北市
342,社團法人台北市基督教萬芳浸信會,0915915,萬芳浸信會,15564435,臺北市
343,社團法人中華民國工作傷害受害人協會,428,工傷協會,00999643,臺北市
344,山海屯脊髓損傷協會,6256,山海屯脊協,78949677,臺中市
345,社團法人宜蘭縣智障者權益促進會,265,宜智障協會,66268366,宜蘭縣
346,財團法人金花教育基金會,1468,MF,41051468,宜蘭縣
347,宜蘭縣蘭陽青年公益發展協會,1699,蘭青公益,31751462,宜蘭縣
348,社團法人白玉功德會,888999,白玉功德會,38955309,臺中市
349,財團法人桃園市藍迪基金會,500500,藍迪基金會,40966680,桃園市
350,財團法人宜蘭縣私立蘭馨婦幼中心,235,蘭馨,19324774,宜蘭縣
351,財團法人中華民國佛教慈濟慈善事業基金會,779,,94800552,花蓮縣
352,財團法人台灣兒童暨家庭扶助基金會基隆分事務所,33085,基隆家扶,20008206,基隆市
353,社團法人中華民國國際幼兒教育協會,0618,幼教協會,26266665,臺北市
354,社團法人台灣世界愛滋快樂聯盟,1040524,,10405249,屏東縣
355,社團法人中華民國寵物友善協會,52982,寵物友善,26399031,臺北市
356,財團法人臺北市林芳瑾社會福利慈善事業基金會,88087,,48842142,臺北市
357,社團法人中華民國愛與希望協會,9876,愛與希望,31536464,新北市
358,社團法人中華民國聽障棒壘球協會,52206,華聽棒壘協,10932896,臺中市
359,財團法人癌症關懷基金會,10666,癌症關懷,18492246,臺北市
360,財團法人中華啟能基金會,598,春暉啟能中,02165702,新北市
361,財團法人台南市私立天主教瑞復益智中心,52088,,69678245,臺南市
362,財團法人彰化縣私立基督教喜樂保育院,5276,喜樂保育院,59138972,彰化縣
363,社團法人雲林縣老人福利保護協會,1313,,20413578,雲林縣
364,財團法人台灣兒童暨家庭扶助基金會宜蘭分事務所,078585,,40642557,宜蘭縣
365,財團法人台灣兒童暨家庭扶助基金會南投分事務所,70885,,61930549,南投縣
366,財團法人臺北市婦女救援社會福利事業基金會,8595,婦援會,00969916,臺北市
367,社團法人高雄市超越巔峰關懷協會,6565,癲癇協會,19881074,高雄市
368,社團法人台灣善行天下發展協會,9009,善行天下,25442279,臺中市
369,社團法人高雄縣憨兒就業輔導協會,17843,憨兒窯,36619581,高雄市
370,社團法人中華萱民會,5680,中華萱民會,99206089,屏東縣
371,財團法人台南市私立康寧教養院,0202,康寧教養院,97944672,臺南市
372,財團法人雙福社會福利慈善事業基金會,2003098,晨光中心,99167902,嘉義市
373,財團法人大眾教育基金會,017885,大眾基金會,76947300,臺北市
374,台灣圓道佛教文化交流協進會,7117,圓道禪院,26059743,高雄市
375,基督教青年會,1982,彰YMCA,59290700,彰化縣
376,財團法人中華民國發展遲緩兒童基金會,0855,發緩基金會,17154611,臺北市
377,實踐大學,070,實踐大學,03724401,臺北市
378,財團法人桃園縣私立國宏長期照顧中心(養護型),2977,國宏長照,17870712,桃園市
379,中華民國新生活教育推廣協會,854,新生活協會,37981862,花蓮縣
380,社團法人桃園縣愛與祥和公益聯盟總會,3365885,桃園公益盟,31672925,桃園市
381,財團法人人本教育文教基金會,31809,人本教育,01009704,臺北市
382,財團法人宜蘭縣私立佛教幸夫社會福利慈善事業基金會,928,幸夫,78224553,宜蘭縣
383,社團法人台灣護樹協會,59424,護樹協會,38970478,臺中市
384,財團法人嘉義縣私立一心教養院,50877,一心教養院,14939132,嘉義縣
385,社團法人台灣我愛我心健康促進協會,5253,,40814072,臺南市
386,社團法人高雄市築夢關懷協會,3110601,築夢,10212101,高雄市
387,財團法人玄門法師文教基金會,1021210,玄門法師,38801332,臺中市
388,財團法人華山社會福利慈善事業基金會,111,華山基金會,18488186,臺北市
389,財團法人第一社會福利基金會,51811,,04170054,臺北市
390,社團法人屏東縣原住民社會公益服務協會,94352,,36722038,屏東縣
391,財團法人蒲公英希望基金會,785,蒲公英希望,48948460,臺北市
392,社團法人新北市脊髓損傷者協會,7879,新北市脊髓,87808038,新北市
393,財團法人新北市私立天道總會社會福利慈善事業基金會,0861,天道基金會,87794750,新北市
394,社團法人彰化縣視障者關懷協會,45678,彰化視協,45678104,彰化縣
395,社團法人花蓮縣兒童暨家庭關懷協會,522,兒家協會,30139776,花蓮縣
396,財團法人福榮融合教育推廣基金會,1319,福榮基金會,13301182,新竹市
397,財團法人台北市脊髓損傷社會福利基金會,1050,脊損基金會,31826674,臺北市
398,財團法人中華民國婦聯聽障文教基金會,850226,婦聯聽障,97976337,臺北市
399,歐啦身心健康關懷協會,609,歐啦,39021411,臺中市
400,社團法人嘉義縣聽語多重障礙福利協進會,540319,聽語障礙,20266359,嘉義縣
401,社團法人台灣瑪莉愛狗協會,17299,,41496151,新北市
402,財團法人台北市愛樂管弦樂團文化基金會,5215,愛樂種子,17608070,臺北市
403,社團法人高雄市殘障服務協會,56880,,07861691,高雄市
404,耆光協會,3488,新北耆光,34884682,新北市
405,社團法人看守台灣協會,922,,17419113,新北市
406,中華民國紅十字會台灣省嘉義縣支會,1207,,13276085,嘉義縣
407,財團法人屏東縣私立屏東啟智教養院,080,屏啟教養院,08029590,屏東縣
408,心智障礙關顧協會,520168,臺南心智,10753859,臺南市
409,社團法人臺東縣南迴健康促進關懷服務協會,4141,南迴協會,36728032,臺東縣
410,財團法人基隆市私立基督教信心社會福利慈善事業基金會附設大光兒少之家,4710088,大光兒少,09842025,基隆市
411,財團法人宜蘭縣社會福利聯合勸募基金會,1667,宜蘭聯勸,10533130,宜蘭縣
412,社團法人世界和平婦女會台灣總會,123,,77128504,臺北市
413,財團法人基督教希望之光會,222785,希望之光,98667464,
414,道教道德協會,77808,道德協會,26316763,臺北市
415,佛光慈善會,108,佛光慈善會,17722614,臺中市
416,社團法人台灣愛貓協會,921314,愛貓協會,26376895,臺北市
417,社團法人宜蘭縣思源仁愛協會,3388,思源仁愛,77045075,
418,社團法人台灣失智症協會,5380,TADA,14915568,臺北市
419,社團法人台南市復健青年勵進會,520888,復健會,06641235,臺南市
420,財團法人甘泉教育基金會,520777,,40912806,屏東縣
421,社團法人台灣亞洲動物福利協會,3200,AAWA,26916892,臺中市
422,社團法人台灣關懷弱勢協會,0512,社團法人台,34939737,新北市
423,社團法人臺灣葡萄園關懷協會,17580,臺灣葡萄園,42463312,臺北市
424,財團法人台灣省屏東縣南州鄉精明寶宮,7448,精忠育幼院,91907448,屏東縣
425,財團法人台灣省私立鴻佳啟能庇護中心,252999,鴻佳,56969810,臺南市
426,財團法人喜憨兒社會福利基金會,88432,喜憨兒,92070381,高雄市
427,財團法人台灣兒童暨家庭扶助基金會高雄市南區分事務所,7261651,,76223699,高雄市
428,財團法人中華民國自閉症基金會,402,,00968297,臺北市
429,財團法人屏東基督教勝利之家,7366294,勝利之家,08031293,屏東縣
430,財團法人台北市賽珍珠基金會,399,賽珍珠,81588108,臺北市
431,財團法人良顯堂社會福利基金會,2911811,良顯堂,17711519,南投縣
432,財團法人台灣省私立香園紀念教養院,3344,香園教養院,00968888,新竹縣
433,財團法人彰化縣私立慈恩社會福利慈善事業基金會,8837227,慈恩基金會,45398764,彰化縣
434,社團法人中華民國晴天社會福利協會,9595995,晴天協會,26661737,桃園市
435,財團法人臺灣省私立啟智技藝訓練中心,874,啟智中心,08424972,桃園市
436,財團法人臺東縣私立家立立社會福利慈善事業基金會附設台東縣私立哈拿之家,2013888,哈拿,40910434,臺東縣
437,社團法人雲林縣聽語障福利協進會,639,聽語障協會,74858513,雲林縣
438,社團法人台灣國際家庭互助協會,1105,國際家協,36668365,高雄市
439,社團法人基隆市智障者家長協會,76885,基隆智協,60395219,基隆市
440,社團法人台灣人權促進會,1984,台權會,20094899,臺北市
441,社團法人台灣癲癇之友協會,16899,癲癇之友,92016633,臺北市
442,社團法人台灣全球兒童少年援助會,9199,全球兒少,26899887,臺中市
443,財團法人基督教會新竹錫安堂,5611267,新竹錫安堂,14706302,新竹市
444,社團法人先天性成骨不全症關懷協會,239,成骨不全症,17606495,臺北市
445,社團法人高雄市鳳山心故鄉社區營造協會,5514,心故鄉,62928731,高雄市
446,財團法人利河伯社會福利基金會,2995,利河伯,20417194,臺中市
447,財團法人台灣兒童暨家庭扶助基金會嘉義分事務所,2812085,嘉義家扶,74804355,嘉義市
448,社團法人高雄市青少年關懷協會,9016888,young,99135178,高雄市
449,中華日月門黃帝內經學會,795,中華日月門,48726559,臺北市
450,台灣公益服務協會,17885,公益,98768456,新竹市
451,社團法人金門縣身心障礙者家長協會,082,家長協會,83339529,金門縣
452,財團法人中華民國兒童燙傷基金會,0995,CBF,00993280,臺北市
453,社團法人台灣遲緩兒天使樂園協會,996888,天使樂園,26577773,新北市
454,社團法人臺中市線上家教促進協會,22055,AAOT,39718733,臺中市
455,社團法人彰化縣戀戀半線失智協會,3035,,38975804,彰化縣
456,財團法人台北市敦安社會福利基金會,1103,敦安基金會,17151918,臺北市
457,社團法人嘉義縣慈善團體聯合協會,3622123,嘉義慈協,36767301,嘉義縣
458,社團法人宜蘭縣安安慢飛天使家庭關懷協會,5280,安安慢飛,26673706,宜蘭縣
459,社團法人台灣婦女展業協會,112,婦展協會,17601816,臺北市
460,財團法人桃園縣美好社會福利基金會,1961537,美好基金會,19615371,桃園市
461,社團法人中華民國婦幼關懷成長協會,235757,婦幼協會,10938717,臺中市
462,中華民國溪水旁關懷單親家庭協會,9958,溪水旁協會,09807250,臺北市
463,台灣蠻野心足生態協會,230,蠻野心足,99361075,臺北市
464,財團法人中華民國(台灣)安寧照顧基金會,25163,安寧基金會,00977922,臺北市
465,財團法人台灣醫療改革基金會,17999,醫改會,13992411,臺北市
466,財團法人天主教會台中教區,0925,台中教區,52911599,臺中市
467,中華民國紅十字會總會,55135,紅十字會,03708802,臺北市
468,財團法人桃園縣私立菩提之家,3712333,菩提之家,08666416,桃園市
469,財團法人台灣癌症臨床研究發展基金會,2323,,20095877,臺北市
470,財團法人鉅明文教基金會,008,鉅明文教,17946852,高雄市
471,社團法人台灣默行佛學發展協會,989,默行,72309914,臺中市
472,財團法人慶興社會褔利基金會,056,,45306505,雲林縣
473,財團法人台北市自閉兒社會福利基金會,52772,,21741677,臺北市
474,財團法人十方啟智文教基金會,1010225,,02963305,臺中市
475,財團法人天主教福利會,885288,CS,00968677,新北市
476,財團法人台灣兒童暨家庭扶助基金會,818585,新北市發展,17434509,新北市
477,社團法人南投縣麻煩小天使協會,2358482,麻煩小天使,19267128,南投縣
478,財團法人乳癌防治基金會,7777,乳癌防治基,20083773,臺北市
479,財團法人彰化縣私立青山社會福利慈善事業基金會,8713399,愛加倍身障,45543633,彰化縣
480,身心障礙者多元就業促進協會,1288,身障促進會,39853744,苗栗縣
481,中華弘慈協會,123123,中華弘慈,76906292,新北市
482,財團法人OMG關懷社會愛心基金會,168001,OMG,25603507,臺北市
483,社團法人中華民國關懷生命協會,6301,LCA,76946301,臺北市
484,社團法人嘉義市殘障者服務協會,225885,嘉市殘協,06278559,嘉義市
485,社團法人屏東縣生命線協會,081995,屏東生命線,90715533,屏東縣
486,財團法人高雄市私立小天使家園,99818,小天使家園,26418924,高雄市
487,社團法人台灣愛分享公益慈善會,708858,愛分享,38592834,臺北市
488,社團法人高雄市飛揚福利服務協會,909090,飛揚協會,09141889,高雄市
489,財團法人基督教芥菜種會,001,芥菜種會,04130379,臺北市
490,財團法人高雄市私立慈暉關懷學園,8888888,慈暉學園,10715455,高雄市
491,社團法人中華民國恩友愛心協會,911,恩友,48903055,臺北市
492,社團法人台灣動物人文社,1001,TAHA,31885146,臺北市
493,社團法人苗栗縣肢體傷殘自強協會,334792,苗栗肢殘,66811297,苗栗縣
494,社團法人台灣寶島行善義工團,5921,寶島義工團,13535604,雲林縣
495,社團法人台灣油症受害者支持協會,1979,台灣油症,25635748,臺中市
496,社團法人雲林縣脊髓損傷者協會,7070885,雲脊協,78951645,雲林縣
497,私立大林教養院,168888,大林教養院,29443617,嘉義縣
498,台灣觸愛協會,717885,觸愛,99536005,臺南市
499,財團法人聖功社會福利慈善基金會,2233787,聖功基金會,99399059,高雄市
500,社團法人中華民國銀髮慈善協會,8341,銀髮長照,41419330,新北市
501,社團法人新竹縣愛鄰社區關懷協會,20520,新竹愛鄰,01885324,新竹縣
502,社團法人科技創意發明教育學會,3888,科創育,47308894,臺中市
503,顯密寧瑪巴雪謙佛學會,1225,台灣雪謙,15751697,高雄市
504,社團法人台南市康復之友協會,8533,南市康協,78964493,臺南市
505,山海屯國際生命線協會,041995,,05696957,臺中市
506,財團法人熱愛生命文教基金會,8008,熱愛生命,19280277,彰化縣
507,財團法人孩子的書屋文教基金會,17258,孩子的書屋,40927478,臺東縣
508,財團法人人壽保險文教基金會,17888,一銅聚愛心,38649344,臺北市
509,中華雲旨玄學協會,9678,雲旨玄學,47617049,臺中市
510,台灣障礙者就業服務協會,007,,99028888,臺北市
511,財團法人台灣兒童暨家庭扶助基金會花蓮分事務所,1785,,08148054,花蓮縣
512,臺灣基督教門諾會醫療財團法人門諾醫院,555,花蓮門諾,94607424,花蓮縣
513,財團法人臺灣基督教門諾會,6688,黎明教養院,08152325,花蓮縣
514,柳春春劇社劇團,0829,柳春春劇社,13548137,臺北市
515,財團法人耕心蓮苑教育基金會,9946959,,99469596,新北市
516,社團法人彰化縣啟智協進會,006,彰化智協,78626753,彰化縣
517,原住民族全人發展關懷協會,089,全人,99207242,臺東縣
518,社團法人屏東縣啟智協進會,159,啟智協會,08031189,屏東縣
519,財團法人台灣省台南市念字聖堂,2365794,念字聖堂,69877005,臺南市
520,基督福音教育協會,4917,4C教會,99184917,桃園市
521,社團法人中華亞洲環境生態護育交流協會,889,亞護會,42401816,臺北市
522,財團法人天主教會台中教區,7717,復活啟智,78124034,南投縣
523,台灣文蘭慈善協會,456799,文蘭慈善,25339726,臺中市
524,社團法人宜蘭縣脊髓損傷者協會,240885,宜蘭脊髓,95932340,宜蘭縣
525,社團法人台灣釋教善本巖協會,3344567,善本巖,47556394,臺中市
526,台灣流浪動物森林之家尊生會,109620,森林之家,42471235,臺北市
527,中華社會福利聯合勸募協會,7505,,77127505,臺北市
528,財團法人台灣兒童暨家庭扶助基金會屏東分事務所,7123,屏東家扶,90767519,屏東縣
529,財團法人臺灣基督教門諾會,35760,善牧中心,08153773,花蓮縣
530,社團法人中華民國無犯罪促進會,980322,無犯罪促進,26113325,花蓮縣
531,樂扶庇護工場,5788,樂扶庇護場,26133434,新北市
532,財團法人聖島社會福利慈善基金會,123999,聖島,26334592,臺北市
533,財團法人精神健康基金會,621520,精健會,13527581,臺北市
534,財團法人宜蘭縣私立蘭陽仁愛之家,9283880,蘭陽仁愛,19615766,宜蘭縣
535,財團法人台南市基督教青年會社會福利慈善事業基金會,381,南YMCA,78673024,臺南市
536,社團法人雲林縣台西身心障礙者福利協會,1888,台西身障,14554071,雲林縣
537,社團法人雲林縣身心障礙者重建協會,5973551,希望工場,45331265,雲林縣
538,財團法人善慧恩社會慈善基金會,5999,善慧恩,26045642,高雄市
539,財團法人台南市私立噶瑪噶居蔣揚社會福利慈善事業基金會,5746700,蔣揚基金會,08452266,臺南市
540,社團法人中華民國癌友新生命協會,6988,新生命協會,14686988,新北市
541,社團法人台北市武進同鄉會,3686377,武進同鄉會,92010650,臺北市
542,財團法人高雄市關愛社會福利慈善事業基金會,7268,關愛基金會,72202130,高雄市
543,財團法人台灣兒童暨家庭扶助基金會,461234,苗栗家扶,02910878,苗栗縣
544,財團法人台灣兒童暨家庭扶助基金會,463558,苗栗希望,08842173,苗栗縣
545,財團法人桃園縣私立方舟啟智教養院,4870110,方舟,19606464,桃園市
546,馬偕紀念醫院台東分院,1987,台東馬偕,08109279,臺東縣
547,財團法人臺灣省私立嘉義博愛仁愛之家,85995,嘉義博愛,66414699,嘉義市
548,財團法人台灣閱讀文化基金會,567,愛的書庫,45369493,南投縣
549,財團法人立信社會福利慈善事業基金會,8088,立信基金會,78964199,臺北市
550,財團法人法鼓山文教基金會,0095,法鼓山文教,00959163,臺北市
551,新北市平溪區慈善服務協會,235834,平溪慈善,18236176,新北市
552,財團法人中華民國兒童福利聯盟文教基金會,885521,兒福聯盟,01013257,臺北市
553,財團法人環宇國際文化基金會,711,環宇,01045434,臺北市
554,財團法人天主教會嘉義教區,88742,敏道家園,25869359,嘉義縣
555,財團法人台灣兒童暨家庭扶助基金會附設彰化縣私立家扶發展學園,8300,,78627211,彰化縣
556,社團法人台南市聲暉協進會,830,南市聲暉,06524285,臺南市
557,財團法人台灣兒童暨家庭扶助基金會台北市南區分事務所,5520,台北家扶,73988670,臺北市
558,中華民國聲暉聯合會,330,中華聲暉,20413893,臺中市
559,財團法人天主教會台中教區附設台中市私立慈愛智能發展中心,213,慈愛中心,45402155,臺中市
560,財團法人粘得紀念教育基金會,161,,45374340,彰化縣
561,社團法人臺東縣向日葵關懷協會,668,台東向日葵,25804743,臺東縣
562,社團法人台灣結節硬化症協會,0285,TSC,48727810,臺北市
563,肢體傷殘協進會,2013,彰肢協會,78168721,彰化縣
564,財團法人基隆市私立博愛仁愛之家,699,博愛家園,00820963,基隆市
565,財團法人屏東縣私立福慧社會福利慈善事業基金會,111222,大同之家,09121672,屏東縣
566,社團法人屏東縣聲暉聽障協進會,7372174,屏東聲暉,76777332,屏東縣
567,台灣身心靈全人健康醫學學會,2197106,TSHM,37763113,新北市
568,社團法人中華基督徒地方教會聯合差傳協會,17268,差傳,14306143,臺北市
569,台灣原住民基層教師協會,7992469,原基教,36667210,屏東縣
570,台灣原住民多族群文化交流協會,8895,多族群,15564630,新北市
571,社團法人嘉義縣脊髓損傷者協會,158158,嘉義縣脊髓,87897138,嘉義縣
572,社團法人中華民國社區重聽福利協會,731580,重聽協會,81585448,臺北市
573,新埔福德祠,9581,新埔福德祠,95818973,臺中市
574,燭光協會,3387665,燭光協會,08224046,高雄市
575,社團法人台灣海洋性貧血協會,0331,海洋性貧血,01033161,臺北市
576,社團法人中華身心障礙者職業技藝協會,323,,81592150,臺北市
577,中華身障體育運動協會,17010,,38521515,臺北市
578,財團法人台中市私立慈光社會福利慈善事業基金會,1177,慈馨少年家,47593927,臺中市
579,中華民國關懷心臟病童協會,875,ccca,00958523,臺北市
580,財團法人高雄市小港浸信會,7177,小港浸信會,18416450,高雄市
581,社團法人親慈慈善會,181622,親慈慈善會,76898997,新北市
582,自閉症協進會,8585885,高市自閉症,98582775,高雄市
583,社團法人台灣弱勢希望協進會,70345,弱勢希望,25826492,高雄市
584,財團法人天主教瑪利亞方濟各傳教女修會,210,米可之家,10525820,新竹市
585,社團法人中華民國天元慈善功德會,882,天元慈善,87814475,新北市
586,財團法人屏東縣私立基督教沐恩之家,1399,沐恩之家,17661665,屏東縣
587,社團法人台灣歡呼兒協會,5257,歡呼兒協會,15570653,臺北市
588,中華民國慈恩慈善會,9818,慈恩慈善會,26772987,花蓮縣
589,社團法人中華民國老人福利關懷協會,2468,,99354074,臺北市
590,社團法人台東縣智障者家長協會,1208,台東智協,12085545,臺東縣
591,社團法人中華民國順濟媽祖慈善會,168520,順濟媽祖,10008706,新北市
592,中華民國亞杜蘭關懷協會,106,亞杜蘭協會,42218986,新北市
593,財團法人台灣兒童暨家庭扶助基金會台南市南區分事務所,6782,台南南區家,06398533,臺南市
594,社團法人屏東縣躍愛全人關懷協會,5168,躍愛協會,10413439,屏東縣
595,有限責任屏東縣幸福原住民照顧服務勞動合作社,1818,幸福照社,36874702,屏東縣
596,社團法人雲林縣身心照護協會,6565520,樂活家園,45307194,雲林縣
597,綠黨,17924,綠黨,97973562,臺北市
598,新北市自閉症服務協進會,7688,,08579341,新北市
599,財團法人法律扶助基金會,8282,法扶會,99624605,臺北市
600,社團法人新竹市精神健康協會,527520,精健會,09729277,新竹市
601,社團法人高雄市打狗文史再興會,0917,打狗會社,36979348,高雄市
602,財團法人麥當勞叔叔之家慈善基金會,86888,麥當勞叔叔,20087779,臺北市
603,財團法人門諾社會福利慈善事業基金會,5260,門諾基金會,20009253,花蓮縣
604,社團法人中華民國台北效力志工團,9888,效力志工團,26504998,新北市
605,社團法人台灣彩虹雙福協會,339,彩虹雙福,10903061,南投縣
606,社團法人南投縣青少年空手道推展協會,23981,空手道推展,99023981,南投縣
607,財團法人台中市私立無極證道院社會福利慈善事業基金會,17257,無極證道院,77600832,臺中市
608,財團法人台南市私立健生障礙照護中心,9952,,99521973,臺南市
609,中華民國災難救援協會,6274,災難救援,18236274,新北市
610,社團法人臺中市聽障體育運動協會,538999,中聽體運協,38998052,臺中市
611,社團法人台灣ＦＯＣＵＳ愛家協會,1314515,青春無悔,38522275,臺北市
612,財團法人桃園市優勝地社會福利基金會,5885,優勝地,41125525,桃園市
613,財團法人慈濟傳播人文志業基金會,9997161,慈濟大愛台,99971610,臺北市
614,臺灣兒童健康暨身心發展協會,020518,囝仔未來,72587727,臺中市
615,社團法人台灣關懷地中海型貧血協會,2529,地貧,95823336,臺中市
616,財團法人晨光社會福利基金會附設金門縣私立晨光教養家園,1314,晨光家園,66962442,金門縣
617,財團法人新北市私立樂山園社會福利慈善事業基金會,1013,樂山基金會,37306101,新北市
618,財團法人成杏醫學文教基金會,0647964,成杏,06479649,臺南市
619,財團法人台灣省私立景仁殘障教養院,17934,景仁教養院,98229964,桃園市
620,財團法人天主教會嘉義教區,520770,華聖家園,98666726,雲林縣
621,醫療財團法人好心肝基金會,573,好心肝,31913298,臺北市
622,社團法人台灣新住民家庭成長協會,168,新住民協會,26316757,新北市
623,社團法人台北市脊髓損傷者協會,88518,北市脊協,92016726,臺北市
624,社團法人中華淨因眾生關懷協會,1188,淨因協會,37984592,新北市
625,財團法人花蓮縣播種者文化藝術基金會,2520,播種者,02932520,花蓮縣
626,社團法人台灣基督教好牧人全人關顧協會,6885,好牧人,25461839,臺中市
627,中華小馬少年籃球運動協會,888888,小馬籃協,37934329,新北市
628,財團法人台灣兒童暨家庭扶助基金會馬祖分事務所,035,馬祖家扶,42223257,連江縣
629,社團法人臺灣寶島淨鄉團,5220,寶島淨鄉團,42524492,臺北市
630,社團法人高雄市心理復健協會,7893,,78933324,高雄市
631,財團法人台灣兒童暨家庭扶助基金會台東分事務所,323804,台東家扶,78861004,臺東縣
632,財團法人弘道老人福利基金會,590,,98179269,臺中市
633,財團法人臺中市私立肯納自閉症社會福利基金會,9733896,台中肯納,39733896,臺中市
634,社團法人臺東縣失智者關懷協會,380900,失智協會,25838618,臺東縣
635,社團法人中華民國海員漁民權益保護協會,851314,海員漁民,92082669,高雄市
636,社團法人台南市火炬殘障勵進會,081202,火炬勵進會,06397210,臺南市
637,中華鯨豚協會,9977,鯨豚協會,83869955,臺北市
638,財團法人彰化縣私立信星集團愛星社會福利慈善事業基金會,01170,愛星基金會,47283943,彰化縣
639,社團法人桃園市視障輔導協會,1015,桃視輔會,67770463,桃園市
640,財團法人新北市私立瑤華仙主社會福利慈善事業基金會,9922,瑤華仙主,50685674,新北市
641,社團法人台灣婦女團體全國聯合會,333,,13527935,臺北市
642,財團法人陽光社會福利基金會,13579,,04180692,臺北市
643,社團法人宜蘭縣培德關懷協進會,135,培德關懷,31535535,宜蘭縣
644,社團法人雲林縣飛耀青年發展協會,7827299,飛耀協會,21896622,雲林縣
645,中華民國好牧人關懷之家協進會,5188,,31468579,新北市
646,社團法人臺灣圓愛全人關懷協會,021314,圓愛全人,45748621,臺中市
647,社團法人台灣一起夢想公益協會,510,一起夢想,31894406,臺北市
648,財團法人開放文化基金會,1989,開放文化,38552170,臺北市
649,社團法人臺灣點一盞燈社會關懷協會,95999,點一盞燈,31746530,新北市
650,社團法人中華勵本志身心障礙者技藝創業協會,708585,中華勵本志,98759695,新北市
651,流浪貓保護協會,172,流浪貓協會,48853652,臺北市
652,社團法人屏東縣希望家園協進會,085580,希望家園,36624607,屏東縣
653,財團法人仰山文教基金會,5213,仰山,77010316,宜蘭縣
654,社團法人高雄市佛光腎臟關懷協會,2313,佛光腎協,78640087,高雄市
655,社團法人屏東縣關心身心障礙者服務協會,258,,36854950,屏東縣
656,社團法人臺灣外籍勞動者發展協會,1955,GWO協會,31975596,臺北市
657,社團法人中華民國明健慈善公益協進會,175,明健協進會,09838628,新北市
658,社團法人新竹市自閉症協進會,936,新竹自閉症,98286319,新竹市
659,財團法人台灣兒童暨家庭扶助基金會彰化分事務所,2100,,59357960,彰化縣
660,財團法人台南市私立朝興社會福利慈善事業基金會,666,朝興基金會,98637238,臺南市
661,中華民國關懷腦瘤兒童協會,1012833,腦瘤協會,18044613,臺北市
662,社團法人台灣橄欖園關懷協會,222,橄欖園,36761664,臺南市
663,社團法人台灣之心愛護動物協會,978,台灣之心,39854259,臺中市
664,財團法人雲林縣青埔教育基金會,6970,,45224716,雲林縣
665,公益關懷協會,9168,公益關懷,37962817,基隆市
666,財團法人私立臺東基督教阿尼色弗兒童之家,3194,阿尼色弗,08121246,臺東縣
667,社團法人台灣無著公益服務協會,5924,無著公益,41351090,高雄市
668,中華數位人文關懷協會,1314520,,25682946,臺北市
669,財團法人流浪動物之家基金會,8957282,HSAPF,97996501,新北市
670,社團法人恩物社會服務推廣協會,17655,,19328552,臺北市
671,社團法人台中市啟智協進會,450,台中啟智,19310743,臺中市
672,智障者家長協會,1685,北智協,77121050,臺北市
673,社團法人花蓮縣脊髓損傷福利協進會,1520,花蓮脊協,08154323,花蓮縣
674,社團法人屏東縣慈善團體聯合協會,9898,屏慈聯,10163740,屏東縣
675,財團法人南投縣私立傑瑞社會福利基金會附設南投縣私立傑瑞老人安養中心,3333,傑瑞社福,77367618,南投縣
676,舜心慈善功德會,4530,舜心慈善功,45309448,臺中市
677,社團法人高雄三山脊損重建協會,3374,三山脊損,78940958,高雄市
678,財團法人苗栗縣私立海青老人養護中心,9585,苗栗海青,95854251,苗栗縣
679,財團法人私立台東基督教阿尼色弗兒童之家附設南投家園,6811,南投家園,39884177,南投縣
680,社團法人中華民國遺產暨保險金捐贈慈善會,0001,捐贈慈善會,42228020,桃園市
681,社團法人高雄市生命線協會,7995,高市生命線,83724902,高雄市
682,財團法人癌症希望基金會,16888,癌症希望,26309904,臺北市
683,財團法人台灣紅絲帶基金會,121,紅絲帶,99988921,臺北市
684,戴德森醫療財團法人嘉義基督教醫院,6601,嘉基,66012007,嘉義市
685,財團法人台東縣私立牧心智能發展中心,5257999,牧心,93859484,臺東縣
686,社團法人桃園縣愛鄰舍協會,204,愛鄰舍協會,15582200,桃園市
687,財團法人民間司法改革基金會,948,民間司改會,20081965,臺北市
688,財團法人成長文教基金會,198,成長,20088926,臺北市
689,社團法人台灣也思服務學習協會,1414,,31988924,臺北市
690,社團法人中華親善動物保護協會,4312,中華動保,37976707,新北市
691,中華跨境流通孵化育成協會,4566,跨境流通孵,42454566,臺北市
692,財團法人法鼓山佛教基金會,2009,法鼓山佛教,20097501,臺北市
693,社團法人台灣動物平權促進會,5205,動平會,01896096,新北市
694,社團法人臺南市承恩功德會,1275,承恩功德會,34987420,臺南市
695,財團法人桃園市私立脊髓損傷潛能發展中心,518007,脊髓中心,17121730,桃園市
696,財團法人基督教瑪喜樂社會福利基金會,7699,瑪喜樂基金,26953328,彰化縣
697,社團法人中華民國群園關懷協會,1788,群園協會,21412703,臺中市
698,社團法人台灣安心家庭關懷協會,003,安心協會,10795773,臺東縣
699,社團法人中華民國生活調適愛心會,9797,愛心會,97978927,臺北市
700,社團法人屏東縣志願服務協會,7353472,屏東志協,78608621,屏東縣
701,社團法人基隆市生命線協會,01995,基隆生命線,00691145,基隆市
702,中華動物希望協會,520505,HAA,42305222,臺北市
703,財團法人海洋公民基金會,991,海洋公民,37738305,澎湖縣
704,財團法人嚴淨菩提教育基金會,3577,嚴淨菩提,10967536,臺中市
705,社團法人新竹縣智障福利協進會,3170,,02808402,新竹縣
706,財團法人台中市私立聲暉綜合知能發展中心,33001,聲暉中心,20371042,臺中市
707,社團法人中華小腦萎縮症病友協會,9972,企鵝家族,13574872,臺北市
708,財團法人台北市私立同舟發展中心,785785,同舟,81590293,臺北市
709,社團法人基隆市自閉症家長協會,588,,09995041,基隆市
710,財團法人苗栗縣私立華嚴啟能中心,520520,華嚴啟能,66814203,苗栗縣
711,社團法人中華牧羊人青少年關懷協會,1082,牧羊人,26131082,苗栗縣
712,國立臺灣海洋大學,195310,海洋大學,00501503,基隆市
713,社團法人宜蘭縣非營利組織聯盟,1616888,NPOU,31610999,宜蘭縣
714,社團法人中華設計裝修消費者品質保護協會,17288,設計品保會,26663496,新北市
715,中華仁親社區關懷協會,8958,仁親協會,26378958,臺北市
716,財團法人雲英青年發展基金會,70589,雲英基金會,31923155,臺北市
717,財團法人天元教育基金會,3968,天元教育,40928413,屏東縣
718,財團法人台北市關懷台灣文教基金會,9217,關懷台灣,17144966,臺北市
719,台灣築心全人生命教育關懷協會,3016,築心之家,30166549,新竹縣
720,中華民國佛教華嚴學會,59488,華嚴學會,95931807,新北市
721,社團法人中華民國廣慈觀音慈善協會,619,廣慈觀音,72763913,新北市
722,中華育幼機構兒童關懷協會,1717,CCSA,15737366,臺北市
723,財團法人臺灣省天主教會新竹教區,1795,桃園愛家,09812090,桃園市
724,社團法人台灣數位有聲書推展學會,518066,有聲書學會,99607296,臺北市
725,社團法人台南市女性權益促進會,8599,女權會,74804545,臺南市
726,財團法人台南市私立佛教觀音村社會福利慈善事業基金會,887,佛教觀音村,14688640,臺南市
727,財團法人基督徒魚池禮拜堂,688,魚池禮拜堂,13544688,南投縣
728,社團法人雲林縣婦幼關懷協會,7856981,,45343614,雲林縣
729,財團法人台北市蘋果日報社會福利慈善事業基金會,240245,蘋果基金會,94985241,臺北市
730,財團法人天主教伯利恆文教基金會,2828,伯利恆,97969075,臺南市
731,學習障礙教育協進會,1574500,高學障協會,15745008,高雄市
732,財團法人台南市私立母佑會社會福利慈善基金會,10188,羅蘭中心,21910188,臺南市
733,財團法人台南市樂扶社會福利慈善事業基金會,0800,樂扶基金會,40765190,臺南市
734,社團法人台灣城鄉永續關懷協會,5880520,小草書屋,42062415,新北市
735,社團法人嘉義市新世界自立生活協會,3698315,新世界自立,40786456,嘉義市
736,財團法人台東縣私立台東仁愛之家,227592,仁愛之家,08108996,臺東縣
737,財團法人臺中市私立童庭社會福利慈善事業基金會,996,童庭基金會,45758015,臺中市
738,中華民國老年勞工關懷互助協會,205,老工協,42187858,桃園市
739,社團法人花蓮縣新象社區交流協會,94247,花蓮新象,95925299,花蓮縣
740,社團法人秋野芒文創協會,52918,秋野芒,42089202,花蓮縣
741,社團法人台灣四十分之一移工教育文化協會,5942140,,42366634,臺北市
742,財團法人一粒麥子社會福利慈善事業基金會,209,,15744887,臺東縣
743,財團法人現代婦女教育基金會,5238,現代婦女,76904597,臺北市
744,財團法人台中市私立康善社會福利慈善事業基金會,3335,康善基金會,08792785,臺中市
745,社團法人台灣動物保護協進會,99520,TAPA,09287032,臺中市
746,財團法人基督教惠明盲人福利會附設台中縣私立惠明盲童育,222222,惠明育幼院,55922872,臺中市
747,天主教若瑟醫療財團法人,8864,若瑟醫院,74858719,雲林縣
748,社團法人台灣防止虐待動物協會,1772,TSPCA,26828032,臺北市
749,社團法人台灣青年氣候聯盟,7676,,31895003,臺北市
750,財團法人台東基督教醫院,8080,東基,93506428,臺東縣
751,財團法人黑潮海洋文教基金會,59427,黑潮,73761619,花蓮縣
752,台灣青少年性別文教會,1011,好性會,57991635,高雄市
753,社團法人臺北縣彌賽亞全人關懷協會,377,新店神召會,10674519,新北市
754,財團法人義美環境保護基金會,55211,義美環保,92001511,臺北市
755,社團法人台灣猛禽研究會,261,猛禽會,13545173,臺北市
756,社團法人台灣萬人社福協會,6580,萬人社福,25835675,臺南市
757,社團法人臺東縣脊髓損傷者協會,178885,台東脊髓,78862171,臺東縣
758,社團法人高雄市大寮區愛家園協會,23344,大寮愛家園,47621753,高雄市
759,中華民國珍珠社會福利服務協會,245869,珍珠協會,72562676,苗栗縣
760,財團法人私立天主教華光智能發展中心,0818,,02746130,新竹縣
761,財團法人天主教會台中教區附設台灣省私立慈愛殘障教養院,2885,慈愛教養院,59313160,彰化縣
762,財團法人臺灣省天主教會新竹教區,3675235,,87787651,桃園市
763,社團法人臺北市接觸點社區關懷協會,5837,接觸點,31898894,臺北市
764,關懷魚鱗癬協會,3963021,魚鱗癬協會,19896359,高雄市
765,中華溝通分析協會,8935,TA,83868935,屏東縣
766,社團法人台灣佳美生命建造協會,379,佳美協會,26132625,新竹縣
767,社團法人臺南市慈光心智關懷協會,2057,慈光心智,10160552,臺南市
768,社團法人舊鞋救命國際基督關懷協會,3030,舊鞋救命,42201373,桃園市
769,中華民國貓頭鷹親子教育協會,17265,貓頭鷹,17879312,臺北市
770,社團法人新北市濰精慈善會,265188,濰精慈善會,78273646,新北市
771,財團法人肝病防治學術基金會,583,肝基會,01033084,臺北市
772,社團法人台北市行無礙資源推廣協會,456,行無礙,29224958,臺北市
773,社團法人中華基督奇蹟全人關懷協會,725,奇蹟,99964603,臺北市
774,台灣國際醫療行動協會,1771,iACT,14536264,新竹縣
775,財團法人大地之子教育基金會,168997,大地之子,21555624,新北市
776,財團法人礦工兒子教育基金會,6620,礦工兒子,94985306,臺北市
777,社團法人彰化縣生命線協會,6891,彰化生命線,05957100,彰化縣
778,財團法人台灣省台北縣遠東福音會,316,遠東福音會,66928178,新北市
779,財團法人桃園縣善水堂慈善文教基金會,149,善水基金會,37980245,桃園市
780,社團法人臺北市臻佶祥社會服務協會,1030312,,38547331,臺北市
781,社團法人高雄市唇顎裂顱顏協會,4408520,,08246718,高雄市
782,財團法人台北市光智社會事業基金會,88740,光智基金會,14102703,臺北市
783,社團法人苗栗縣視覺障礙者福利協進會,279631,視障協會,45339127,苗栗縣
784,台灣事故傷害預防與安全促進學會,0456,,19328954,臺北市
785,玉皇玉聖宮,2810731,玉皇玉聖宮,10160151,臺南市
786,社團法人中華民國自閉症適應體育休閒促進會,518,適體休閒,50640207,新北市
787,中華基督教標竿全人關懷協會,789,標竿教會,38654275,臺北市
788,浪浪的後盾協會,9427,浪浪的後盾,72374225,臺中市
789,社團法人新北市國際生命線協會,021995,新北生命線,01974000,新北市
790,中華民國救世慈善協會,9473,救世慈善,87814377,花蓮縣
791,財團法人中華民國消費者文教基金會,7001234,消基會,04139414,臺北市
792,財團法人中華民國兒童癌症基金會,88888,兒癌基金會,04140854,臺北市
793,社團法人中華民國得勝者教育協會,520080,得勝者,87875795,臺北市
794,社團法人中華民國動物福利環保協進會,529529,動福會,83853383,臺北市
795,財團法人天主教曉明社會福利基金會,1773,曉明基金會,17732319,臺中市
796,財團法人臺中市私立衡山社會福利基金會,2320,衡山基金會,10912603,臺中市
797,財團法人台灣兒童暨家庭扶助基金會澎湖分事務所,5875,澎湖家扶,96679990,澎湖縣
798,社團法人臺北縣志願服務協會,1205,新北志協,87792958,新北市
799,社團法人台灣兒童少年希望協會,8017,台灣兒少,34896478,新北市
800,社團法人中華民國白化症者關懷協會,0520,,48752818,桃園市
801,社團法人雲林縣復健青年協進會,740612,復健協會,06180423,雲林縣
802,新北市政府社會局委託天主教耕莘醫療財團法人永和耕莘醫院辦理新北市愛維養護中心,9456,愛維,19320968,新北市
803,財團法人萬海航運社會福利慈善事業基金會,92178,萬海慈善,99029802,臺北市
804,社團法人台灣走出埃及輔導協會,1314527,,99031949,臺北市
805,財團法人人間文教基金會,5617,人間基金會,97945617,嘉義縣
806,社團法人中華民國視障者家長協會,5959,中視家協,26385959,臺北市
807,台灣健康合作發展組織,168777,HCOOP,39736731,臺中市
808,社團法人台灣泡泡龍病友協會,92880,揪愛泡泡龍,25806622,新竹市
809,社團法人臺北市毛小孩幸福聯盟協會,99891,狗狗巴豆腰,38626905,臺北市
810,財團法人台灣兒童暨家庭扶助基金會新北市分事務所,378585,新北市家扶,67774263,新北市
811,社團法人高雄市大崗山康復之友協會,58938,大崗山康復,99174066,高雄市
812,社團法人中華民國肯愛社會服務協會,6666,肯愛協會,99947372,臺北市
813,財團法人臺南市私立豐德教養院,52168,,14696894,臺南市
814,臺中市愛無礙協會,088999,,99941166,臺中市
815,社團法人中華民國荒野保護協會,8999,荒野保護,92024922,臺北市
816,財團法人台灣省花蓮縣中華基督長老會山宣總會附設花蓮縣私立原住民少年兒童之家,8612423,原住民之家,30116345,花蓮縣
817,財團法人臺灣省私立光明仁愛之家,66666,光明仁愛,61837179,南投縣
818,社團法人台北市雙胞胎協會,0422,,92021158,臺北市
819,社團法人花蓮縣大比大家庭關懷協會,4997276,,49972760,花蓮縣
820,財團法人張老師基金會,1980198,張老師,01018680,臺北市
821,社團法人台中市開懷協會,5990,開懷協會,74871298,臺中市
822,社團法人高雄市注意力缺陷過動症協會,88002,過動症協會,19905370,高雄市
823,財團法人台中市私立惠康社會福利基金會,2950,惠康基金會,52823147,臺中市
824,財團法人台南市私立長泰教養院,6699,長泰教養院,78475489,臺南市
825,社團法人中華民國乳癌病友協會,528825,TBCA,14709716,臺北市
826,社團法人台灣盲人福利協進會全國總會,886,台灣盲總,52014167,臺中市
827,社團法人台灣社區健康及家庭關係促進協會,980712,社家協會,25614440,新北市
828,中華民國流浪動物花園協會,0528,動物花園,48870603,臺北市
829,財團法人瑞信兒童醫療基金會,2002,瑞信基金會,15745443,新北市
830,社團法人禾豐在地文化推廣交流協會,365885,在地天使會,37832667,新北市
831,財團法人新北市基督教晨曦會,6693,晨曦會,66931602,新北市
832,社團法人台灣非營利事業經營管理協會,0220,NPO協會,25591538,臺北市
833,社團法人高雄市社福慈善團體聯合會,7881155,高市社慈,07881155,高雄市
834,財團法人臺灣省天主教會新竹教區,528,新竹教區,02859871,新竹市
835,財團法人臺中市私立信望愛智能發展中心,12345,信望愛中心,78949249,臺中市
836,財團法人花蓮縣私立慈惠愛心基金會,527,慈惠基金會,08151509,花蓮縣
837,財團法人臺北市喜樂家族社會福利基金會,5291,喜樂家族,31840958,臺北市
838,財團法人基督教愛網全人關懷社會福利慈善事業基金會,1720,愛網基金會,10065706,新北市
839,財團法人新北市私立榮光育幼院,4567988,榮光育幼院,18243394,新北市
840,財團法人周大觀文教基金會,525,周大觀,83336277,新北市
841,中華民國智障者家長總會,5000,智總,01013685,臺北市
842,社團法人台灣原聲教育協會,4568,原聲教協,45685626,南投縣
843,社團法人公民監督國會聯盟,113,公督盟,83865901,臺北市
844,財團法人私立西田社布袋戲基金會,1985,西田社,01045384,臺北市
845,社團法人中華民國道德重整協會,0707,道德重整,77121452,臺南市
846,台灣性別不明關懷協會,563,性別不明,38527089,臺北市
847,財團法人樹和教育基金會,005,,39881283,臺中市
848,社團法人台灣優質生命協會,8098,優質生命,21723397,臺北市
849,社團法人屏東縣脊髓損傷者協會,2017,屏東脊協,87894890,屏東縣
850,財團法人計志文聖道基金會,2217,計志文聖道,01060194,臺北市
851,財團法人台灣兒童暨家庭扶助基金會,68660,大同育幼院,73768660,新北市
852,財團法人桃園縣私立路得啟智學園,1000,路得啟智,95938610,桃園市
853,財團法人台灣基督教主愛之家輔導中心,580,主愛之家,08149639,花蓮縣
854,財團法人高雄市私立博正兒童發展中心,5586331,博正兒發,19883447,高雄市
855,財團法人台灣世界展望會,7000,世界展望會,04124664,
856,社團法人中華好家庭關懷協會,377168,好家庭,94997773,臺中市
857,社團法人屏東縣社會工作者協會,7364783,屏社協,10732449,屏東縣
858,財團法人新竹市私立天主教仁愛啟智中心,227,仁愛啟智,47347995,新竹市
859,社團法人宜蘭縣康復之友協會,1101,宜蘭康復,19608863,宜蘭縣
860,社團法人苗栗縣智障福利協進會,995995,苗栗智協,66832687,苗栗縣
861,社團法人中華民國梅門一氣流行養生學會,1760,梅門,15739940,臺北市
862,中華IPOWER關懷協會,7313,中華關懷,41498186,新北市
863,財團法人台中市私立宏源社會福利慈善事業基金會,5598,宏源基金會,45635598,臺中市
864,社團法人南投縣脊髓損傷者協會,945,,77393138,南投縣
865,財團法人慈愛動物福利基金會,4569,慈愛基金會,21943245,臺南市
866,社團法人高雄市傳愛協會,1780,傳愛協會,41279339,高雄市
867,財團法人法鼓山社會福利慈善事業基金會,1849,法鼓山慈善,18497679,臺北市
868,財團法人台中市私立新希望社會福利基金會,066588,,25451396,臺中市
869,財團法人天主教博愛基金會,820820,博愛基金會,83851673,臺北市
870,社團法人台灣多元社會福利協會,8000,多福協會,42529671,臺北市
871,彩色頁女性願景協會,1841,彩色頁,18415614,高雄市
872,恆基醫療財團法人恆春基督教醫院,8880064,恆基,20261946,屏東縣
873,基督教旌旗協會,3369,旌旗教會,95847148,臺中市
874,財團法人雙福社會福利慈善事業基金會,2002515,雙福基金會,14708759,臺北市
875,社團法人苗栗縣同心身心障礙服務協進會,482403,竹南同心,74872705,苗栗縣
876,財團法人地球公民基金會,8524,地球公民,26034595,高雄市
877,社團法人中華太乙金蓮丹鼎會,444,太乙金蓮,37932011,花蓮縣
878,社團法人台灣全民食物銀行協會,4545,全民食物,26887242,臺中市
879,台灣向日葵全人關懷協會,99365,向日葵協會,99356740,臺北市
880,財團法人天主教花蓮教區附設私立安德啟智中心,8861210,,08159636,花蓮縣
881,社團法人台灣關愛之家協會,25985,關愛之家,99340570,臺北市
882,社團法人臺南市以琳之家關懷協會,1010,以琳之家,34979759,臺南市
883,社團法人台中市脊髓損傷者協會,566,中市脊協,45695595,臺中市
884,財團法人廣青文教基金會,2581,廣青,00993161,臺北市
885,財團法人基督教臺北市私立伯大尼兒少家園,5200,伯大尼,05200479,臺北市
886,台灣雷射應用發展協會,2567,雷射協會,10791045,臺中市
887,松山慈惠堂,516888,松山慈惠堂,81581040,臺北市
888,社團法人台中市啟明重建福利協會,78585,,26875359,臺中市
889,中華民國大慈功德會,8812,大慈功德會,17607945,新北市
890,社團法人中華民國觀護協會,5688,觀護協會,83867859,臺北市
891,財團法人臺雅國際慈善基金會,095,臺雅國際,42439974,臺北市
892,社團法人臺中市新生命戒癮成長協會,2005220,新生命戒癮,21816162,臺中市
893,社團法人高雄市大高雄生命線協會,071995,大高生命線,20267272,高雄市
894,社團法人台灣流浪兔保護協會,17922,流浪兔協會,26131442,臺北市
895,台灣大心社會福利協會,7025,台灣大心,42092585,桃園市
896,社團法人桃園市赤子心過動症協會,2266,桃赤心,42163048,桃園市
897,社團法人雅風汪喵浪浪中途照護安養協會,56888,雅風汪喵,72948861,臺北市
898,藝術創作者職業工會,0219,藝創工會,26672798,臺北市
899,財團法人台灣兒童暨家庭扶助基金會高雄市北區分事務所,3100,北高雄家扶,07927217,高雄市
900,社團法人桃園縣智障者家長協會,3699135,桃智協,98230441,桃園市
901,社團法人新竹市智障福利協進會,6684,新竹智協,98275734,新竹市
902,社團法人臺東縣教育發展協會,513663,孩子的書屋,10409786,
903,社團法人台灣動物輔助活動及治療協會,916,台灣狗醫生,14293533,臺北市
904,財團法人中華民國唐氏症基金會,321,唐氏症,81598577,新北市
905,社團法人花蓮縣智障福利協進會,7756,花蓮智協,08149928,花蓮縣
906,財團法人花蓮縣私立美崙啟能發展中心,823,美崙啟能,19994083,花蓮縣
907,財團法人台中市私立龍眼林社會福利慈善事業基金會,185,龍眼林,45280110,臺中市
908,社團法人中華民國多加幸福婚姻促進協會,2080,多加幸福,95946457,新北市
909,財團法人台北市愛慈社會福利基金會,81852,愛慈基金會,17147725,臺北市
910,社團法人嘉義市正德護生慈善會,703,正德,14920703,嘉義市
911,沐風關懷協會,3450,沐風協會,21841802,臺中市
912,財團法人蘭智社會福利基金會,96588,蘭智基金會,09677593,宜蘭縣
913,財團法人台灣早產兒基金會,1117,,00979457,臺北市
914,新北市智障者家長協會,1688,新北智協,66929084,新北市
915,中華民國圓夢傳愛關懷協會,580085,580,37736263,臺南市
916,財團法人基督教惠明盲人福利會附設臺中縣私立惠明視障者,333333,惠明教養院,45749092,臺中市
917,社團法人中華慈雲慈善利生推廣協會,991010,慈雲慈善,26301038,臺北市
918,社團法人臺灣志工盟協會,1799082,志工盟,41337909,高雄市
919,社團法人苗栗縣康復之友協會,690846,康復之友,95851260,苗栗縣
920,社團法人嘉義縣精神康扶之友協會,9890,嘉康扶之友,97949297,嘉義縣
921,社團法人新竹縣肢體殘障協會,9656,縣肢體,02807895,新竹縣
922,社團法人台灣心動家族兒童青少年關懷協會,4726346,心動家族,47263469,臺中市
923,社團法人台灣愛希望兒童關懷發展協會,3331118,台灣愛希望,47711500,高雄市
924,財團法人天主教光仁社會福利基金會,988,光仁社福,13539242,臺北市
925,社團法人台灣彩虹愛家生命教育協會,199907,彩虹愛家,29215439,新北市
926,社團法人臺北市支持流浪貓絕育計畫協會,52668,TNR協會,31825507,臺北市
927,社團法人台中市晚晴婦女協會,5785,台中晚晴,05562388,臺中市
928,財團法人台灣痲瘋救濟基金會,1954,台痲,00985079,臺北市
929,社團法人中華家庭暨社區展望協會,9949,FC,25879949,高雄市
930,社團法人台南市慈光身障協會,3799,慈光身障,20259049,臺南市
931,財團法人聯合醫學基金會,3469595,,76239806,桃園市
932,佳楠愛心慈善會,11520,佳楠慈善會,10790658,臺南市
933,社團法人台灣全球和平青年協進會,17168,和青會,26889889,臺中市
934,啟明權益促進會,998,啟明權促會,19341598,臺北市
935,關懷弱勢協會,600101,,47241297,苗栗縣
936,財團法人南投縣私立炫寬愛心教養家園,545,炫寬,74870137,南投縣
937,社團法人台灣優活山林協會,94168,優活山林,31549469,桃園市
938,財團法人阿寶教育基金會,16885,阿寶基金會,99428575,宜蘭縣
939,財團法人台中市私立真愛社會福利慈善事業基金會,2020,真愛基金會,10910627,臺中市
940,台灣排球運動協會,54321,台排協,10323633,臺北市
941,春陽協會,95940,春陽協會,08211302,高雄市
942,中華民國紅十字會新高雄分會,88168,新高雄紅會,85930625,高雄市
943,社團法人高雄市身心障礙團體聯合總會,2014,高市身總,17006648,高雄市
944,社團法人臺中市動靜皆宜童軍發展協會,8623,,38808623,臺中市
945,中華新時代家園關懷協會,8910,新時代家園,92018288,高雄市
946,希望社會服務協會,90370,寰宇希望,97980851,臺北市
947,社團法人南投縣智障者家長協會,5098,南投智協,77394988,南投縣
948,財團法人屏東縣私立畢嘉士社會福利基金會,17178,畢嘉士,37635574,屏東縣
949,社團法人台灣微客公益行動協會,103,微客公益,31885477,新北市
950,台灣金山財神廟慈善會,5888,,17607163,新北市
951,社團法人台灣線上教育發展協會,345,LIS,42074741,
952,社團法人高雄市方舟就業服務協會,3753073,方舟協會,41285873,高雄市
953,財團法人台北市基督徒救世會社會褔利事業基金會,0770223,基督救世會,01019978,臺北市
954,社團法人中華民國愛滋感染者權益促進會,99999,權促會,81589438,臺北市
955,財團法人私立天主教中華聖母社會福利慈善事業基金會,365,聖母基金會,09017615,嘉義市
956,財團法人台南市私立朝興社會福利慈善事業基金會,788,朝興啟能,15566031,臺南市
957,社團法人中華樂扶社會服務協會,9195,中華樂扶,10535714,新北市
958,財團法人信望愛臍帶血基金會,876945,信望愛臍血,15583524,新北市
959,財團法人臺灣省天主教會新竹教區,5566,竹南聖家,78952644,苗栗縣
960,財團法人高雄市私立基督教山地育幼院,6891054,六龜育幼院,07887101,高雄市
961,財團法人台中市私立群園社會福利基金會,5678,群園基金會,77952391,臺中市
962,財團法人基督教都市人工作群社會福利事業基金會,2259,都市人基金,01052259,新北市
963,社團法人中華民國紅十字會台灣省台中市支會,4518,台中市紅會,52000425,臺中市
964,財團法人基督教救世軍,52947,救世軍,04174967,臺北市
965,社團法人桃園縣失智症關懷協會,8185,失智症協會,26599930,桃園市
966,社團法人新北市知識重建促進會,0920,永和社大,13570550,新北市
967,社團法人桃園縣自閉症協進會,818772,桃園自閉症,83316878,桃園市
968,社團法人嘉義市脊髓損傷者協會,5180,嘉市脊協,20241219,嘉義市
969,財團法人桃園縣怡仁愛心基金會,2488772,怡仁基金會,02488772,桃園市
970,社團法人台灣美樂家慈善關懷協會,52720,美樂家慈協,99974095,臺北市
971,社團法人台灣身心機能活化運動協會,8511,翠華園,21322674,高雄市
972,社團法人台灣世界耕義會,977,耕義會,38957708,臺中市
973,社團法人中華民國基督教女青年會協會台灣省台南市支會,2007738,ywca,69935498,臺南市
974,關懷生命協會,220253,LCATC,10727255,臺東縣
975,社團法人中國真佛宗華光功德會,363113,,97971190,南投縣
976,社團法人耆樂社會福利發展協會,0685,耆樂,72363162,臺中市
977,財團法人公共電視文化事業基金會,52013,公共電視,01012145,臺北市
978,財團法人臺灣省花蓮縣基督教宣教士差會附屬花蓮畢士大教養院,1212,,94805607,花蓮縣
979,康復之友協會,7017885,北市康,21002905,臺北市
980,財團法人基督教宇宙光全人關懷機構,276,宇宙光,04176276,臺北市
981,中華民國康復之友聯盟,861108,康盟,81593545,臺北市
982,財團法人愚人之友社會福利慈善事業基金會,921,愚人之友,19311187,南投縣
983,社團法人台北市生命線協會,95958,,04144367,臺北市
984,埔基醫療財團法人,539,埔基,62301126,南投縣
985,惜緣愛心協會,8992,新北市惜緣,30374770,新北市
986,私立財團法人天主教澎湖教區附設惠民啟智中心,9261790,惠民啟智,77181541,澎湖縣
987,臺灣兒童發展早期療育協會,1122,早療協會,19605612,花蓮縣
988,台灣心境探索學會,33299,,26890289,雲林縣
989,中華民國微光社會福利協會,2999,微光社福協,02764431,桃園市
990,臺灣酒駕防制社會關懷協會,1959,,38527546,臺北市
991,財團法人誠致教育基金會,6161,,26641830,新北市
992,社團法人台北市新活力自立生活協會,1210203,新活力,48874517,臺北市
993,社團法人中華金龍醫濟學甲功德會,3999,醫濟學甲,41452512,臺北市
994,社團法人台灣懷生相信動物協會,3405,相信動物,50256104,基隆市
995,台北市基督教都市標竿協會,7899,都市標竿,48720268,臺北市
996,財團法人基督門徒訓練中心,0700,門訓神學院,34391152,基隆市
997,中華家庭教育與權益促進協會,972,家庭協會,72743115,桃園市
998,中華修緣世界協會,50637,修緣世界,25283758,彰化縣
999,社團法人台灣阿甘精神發展協會,5217,阿甘協會,48674497,臺北市
1000,財團法人桃園縣私立寶貝潛能發展中心,329,寶貝中心,21521250,桃園市
1001,沙爾德聖保祿修女會醫療財團法人,386,聖保祿醫院,43610306,桃園市
1002,財團法人桃園縣私立安康啟智教養院,520530,安康教養院,95944036,桃園市
1003,私立臺北醫學大學,5281,北醫,03724606,臺北市
1004,社團法人中華民國星橋愛心服務協會,899,星橋,77537613,臺北市
1005,台灣環境保護聯盟,456789,環保聯盟,18038746,臺北市
1006,社團法人台北市角落關懷協會,9789,角落挑戰者,17144023,臺北市
1007,社團法人雲林縣老人長期照護協會,0531026,雲老長照,19310461,雲林縣
1008,社團法人台中市自閉症教育協進會,1127,自閉症協會,05557771,臺中市
1009,社團法人中華人權協會,620,CAHR,04137345,臺北市
1010,財團法人桃園縣私立龍潭啟智教養院,0916,龍潭啟智,14539760,桃園市
1011,社團法人彰化縣喜樂小兒麻痺關懷協會,820,喜樂小麻,99676912,彰化縣
1012,社團法人台灣陽光婦女協會,85885,,18247321,臺中市
1013,社團法人桃園縣拾穗關懷服務協會,2615372,拾穗協會,26153727,桃園市
1014,社團法人高雄市腦性麻痺服務協會,29636,,19903160,高雄市
1015,社團法人台灣希望之芽協會,1219,希望之芽,26044051,高雄市
1016,身心障礙服務推展協會,2099,,00998428,臺北市
1017,社團法人中華民國牧愛生命協會,1073911,牧愛,21303064,高雄市
1018,財團法人桃園縣私立庭芳啟智教養院,188,庭芳教養院,73765538,桃園市
1019,台灣同伴動物扶助協會,52937,TCASA,39915621,臺中市
1020,財團法人臺中市私立惠明盲校,111111,惠明盲校,05765074,臺中市
1021,財團法人中華啟能基金會,220,中華啟能基,04199664,新北市
1022,財團法人臺灣省私立臺中仁愛之家,2222,,52016600,臺中市
1023,財團法人慈懷社會福利基金會,8591,慈懷基金會,77020237,宜蘭縣
1024,財團法人台灣省私立菩提仁愛之家,5574481,,55744814,臺中市
1025,財團法人台灣兒童暨家庭扶助基金會附設雲林縣私立家扶希望學園,6361712,雲林希望,25306773,雲林縣
1026,財團法人台灣兒童暨家庭扶助基金會附設雲林縣私立家扶發展學園,6361716,雲林發展,25306788,雲林縣
1027,財團法人天主教台南縣私立蘆葦啟智中心,2020520,蘆葦啟智,97964070,臺南市
1028,財團法人天主教失智老人社會福利基金會,858,關心失智症,73990893,臺北市
1029,社團法人台南市新世代社會福利關懷協會,3037980,新世代協會,10792608,臺南市
1030,財團法人台中市私立甘霖社會福利慈善事業基金會,1385,,21448245,臺中市
1031,財團法人婦女新知基金會,3899,婦女新知,00968178,臺北市
1032,財團法人台中市私立弘毓社會福利基金會,313,弘毓基金會,80917742,臺中市
1033,社團法人台中市智障者家長協會,7485,中智協,74850316,臺中市
1034,財團法人高雄市私立永安兒童之家,7876081,永安兒家,99184445,高雄市
1035,社團法人嘉義市智障福利協進會,791202,智障協會,76830126,嘉義市
1036,社團法人臺中市橋烽關懷生命協會,70999,臺中市橋烽,38998068,臺中市
1037,社團法人臺灣畫話協會,3939,畫話協會,39696702,臺中市
1038,財團法人全成社會福利基金會,333058,福田家園,30162446,金門縣
1039,台灣無障礙協會,1100,,92074984,高雄市
1040,臺灣客家語言文化農業推廣協會,9933,臺灣客家語,31634015,新北市
1041,台灣焦點通訊社,1968,焦點事件,42406930,臺北市
1042,社團法人新北市幸福天使促進協會,317272,,31727246,
1043,財團法人臺安基金會,16165,臺安基金會,99685638,臺北市
1044,中華民國專業者都市改革組織,826,OURs,00980031,臺北市
1045,財團法人勵馨社會福利事業基金會,9118595,,00968923,新北市
1046,財團法人新竹縣天主教世光教養院,9955116,,02809280,新竹縣
1047,財團法人嘉義縣私立天主教敏道社會福利慈善事業基金會,5968,,25836338,嘉義縣
1048,財團法人若竹兒教育基金會,064063,,13278041,嘉義縣
1049,財團法人天使心家族社會福利基金會,336,天使心家族,48837231,臺北市
1050,財團法人台灣兒童暨家庭扶助基金會,7885,台中發展,17721306,臺中市
1051,財團法人台灣兒童暨家庭扶助基金會附設南投縣私立家扶希望學園,8700,,25335974,南投縣
1052,社團法人中華基督教救助協會,51919,救助協會,83867936,新北市
1053,財團法人台灣兒童暨家庭扶助基金會台南市北區分事務所,2085,北台南家扶,72196828,臺南市
1054,財團法人台灣肯納自閉症基金會,1018,肯納園,29249705,臺北市
1055,自閉症肯納家長協會,5201314,肯納烘焙坊,45734823,彰化縣
1056,財團法人天主教會花蓮教區附設花蓮縣私立聲遠老人養護之家,855,聲遠之家,95943120,花蓮縣
1057,佛教觀音線協會,51688,觀音線,77129594,臺北市
1058,台灣兒童伊比力斯協會,168168,伊比力斯,73992787,臺北市
1059,社團法人臺北市照顧生命協會,3658,北市照生會,25687891,臺北市
1060,社團法人雲林縣婦女保護會,5372676,婦保會,19298017,雲林縣
1061,財團法人平安社會福利慈善事業基金會,845,平安八社福,92012708,臺北市
1062,社團法人中華民國血友病協會,5293,,81597351,臺北市
1063,內政部委託財團法人台灣省天主教會新竹教區辦理台灣省寧園安養院,8800,寧園安養院,78028790,新竹縣
1064,美和學校財團法人,7799821,美和科大,92501207,屏東縣
1065,財團法人桃園縣真善美社會福利基金會,268,真善美,30366265,桃園市
1066,財團法人台灣省私立心德慈化教養院,175758,心德教養院,06562718,臺南市
1067,財團法人台灣省私立向上社會福利基金會,002,向上基金會,52506590,臺中市
1068,財團法人天主教善牧社會福利基金會,8835,,01033182,臺北市
1069,社團法人中華青少年純潔運動協會,3399,純潔協會,17137894,新北市
1070,財團法人新北市私立台灣天主教安老院,107765,安老院,34034991,新北市
1071,社團法人台灣八福無障礙生活發展協會,858585,八福協會,31826055,臺北市
1072,社團法人臺東縣天主教愛德婦女協會,666666,台東愛德,21681404,臺東縣
1073,社團法人教育及兒童青少年發展協會,3339,兒少協會,21629098,臺南市
1074,社團法人屏東縣社會福利聯盟,7883344,社福聯盟,25888052,屏東縣
1075,中華民國金光明宗佛學會,513899,金光明宗,30394902,新北市
1076,福智學校財團法人,1025,福智,39892578,雲林縣
1077,社團法人台灣媽祖魚保育聯盟,0051,保育白海豚,38621710,臺北市
1078,社團法人臺灣非視覺美學教育協會,5214,,38979695,雲林縣
1079,社團法人南投縣中寮鄉龍眼林福利協會,20005,龍眼林,13538969,南投縣
1080,社團法人台灣為台灣而教協會,747,為台灣而教,38806174,臺中市
1081,台灣鬆獅救援協會,9520,鬆獅協會,42298995,臺北市
1082,社團法人高雄市弱勢家庭之友慈善協會,8943,弱勢之友,41278943,高雄市
1083,財團法人崔媽媽基金會,17864,,18035255,臺北市
1084,臺灣巴克動物懷善救援協會,1717999,巴克動協,50724727,新北市
1085,社團法人台灣腎貓協會,0811,腎貓協會,42521707,臺北市
1086,社團法人花蓮縣康復之友協會,2733,康復之友,08158952,花蓮縣
1087,社團法人台灣逆轉聯盟協會,0517,逆轉聯盟,47463760,臺中市
1088,中華視障人福利協會,2599,中華視協,01050344,臺北市
1089,社團法人高雄市鳳山老人健康照護協會,1017169,鳳老,10171690,高雄市
